match_id,innings_num,batting_team,fielding_team,session,home_team,toss_winner,toss_decision,winner,result,batting_team_won,session_runs,session_balls,session_dot_balls,session_fours,session_sixes,session_extras,session_wides,session_noballs,session_wickets,max_dot_streak,total_pressure_balls,ball_age_start,ball_age_end,runs_at_session_end,wickets_at_session_end,run_rate_at_session_end,is_home_batting,session_run_rate,dot_ball_pct,boundary_rate,wickets_per_over,ball_age_zone,top_order_exposed,prev_session_run_rate,prev_session_wickets,prev_dot_ball_pct,run_rate_delta,wickets_delta,dot_ball_pct_delta,session_momentum_index,toss_bat_first,toss_winner_batting,is_fourth_innings,is_first_innings,is_morning_session,is_evening_session,win_probability,prev_wp,wp_shift,momentum_label
1000851,1,South Africa,Team_B,inn1_afternoon,Unknown,South Africa,bat,South Africa,normal,1,133,181,122,17,2,1,0,0,2,9,3,176,356,220,7,3.7078651685393256,0,4.4088397790055245,0.6740331491712708,0.10497237569060773,0.06629834254143646,reverse_swing,0,,,,4.4088397790055245,2.0,0.6740331491712708,-0.5911602209944755,1,1,0,1,0,0,0.6200961309750918,,0.12009613097509175,1.0
1000851,1,South Africa,Team_B,inn1_evening,Unknown,South Africa,bat,South Africa,normal,1,22,28,20,3,0,4,0,0,3,11,4,357,384,242,10,3.78125,0,4.714285714285714,0.7142857142857143,0.10714285714285714,0.6428571428571428,reverse_swing,0,4.4088397790055245,2.0,0.6740331491712708,0.30544593528018993,1.0,0.04025256511444353,-2.19455406471981,1,1,0,1,0,1,0.7035901344276801,0.6200961309750918,0.0834940034525884,1.0
1000851,1,South Africa,Team_B,inn1_morning,Unknown,South Africa,bat,South Africa,normal,1,87,175,135,10,0,1,0,0,5,18,20,1,175,87,5,2.9828571428571427,0,2.9828571428571427,0.7714285714285715,0.05714285714285714,0.17142857142857143,new_ball,0,4.714285714285714,3.0,0.7142857142857143,-1.7314285714285718,2.0,0.05714285714285716,-6.731428571428571,1,1,0,1,1,0,0.6344837325633906,0.7035901344276801,-0.06910640186428951,-1.0
1000851,2,Australia,Team_B,inn2_afternoon,Unknown,South Africa,bat,South Africa,normal,0,71,181,149,9,0,4,0,0,5,26,42,178,358,195,5,3.2681564245810057,0,2.3535911602209945,0.8232044198895028,0.049723756906077346,0.16574585635359115,reverse_swing,0,,,,2.3535911602209945,5.0,0.8232044198895028,-10.146408839779006,1,0,0,0,0,0,0.21424534437521855,,-0.2857546556247814,-1.0
1000851,2,Australia,Team_B,inn2_evening,Unknown,South Africa,bat,South Africa,normal,0,49,69,50,6,1,1,0,0,5,8,1,359,427,244,10,3.4285714285714284,0,4.260869565217392,0.7246376811594203,0.10144927536231885,0.43478260869565216,reverse_swing,0,2.3535911602209945,5.0,0.8232044198895028,1.9072784049963971,0.0,-0.09856673873008248,1.9072784049963971,1,0,0,0,0,1,0.09024359676685396,0.21424534437521855,-0.12400174760836459,-1.0
1000851,2,Australia,Team_B,inn2_morning,Unknown,South Africa,bat,South Africa,normal,0,124,177,125,18,1,3,0,0,0,10,8,1,177,124,0,4.203389830508475,0,4.203389830508475,0.7062146892655368,0.10734463276836158,0.0,new_ball,1,4.260869565217392,5.0,0.7246376811594203,-0.05747973470891665,-5.0,-0.018422991893883522,12.442520265291083,1,0,0,0,1,0,0.7017040498496356,0.09024359676685396,0.6114604530827816,1.0
1000851,3,South Africa,Team_B,inn3_afternoon,Unknown,South Africa,bat,South Africa,normal,1,91,183,146,10,0,17,0,0,0,19,36,176,358,168,2,2.815642458100559,0,2.9836065573770494,0.7978142076502732,0.0546448087431694,0.0,reverse_swing,1,,,,2.9836065573770494,0.0,0.7978142076502732,2.9836065573770494,1,1,0,0,0,0,0.5516607620225964,,0.051660762022596396,1.0
1000851,3,South Africa,Team_B,inn3_evening,Unknown,South Africa,bat,South Africa,normal,1,372,609,456,44,8,18,0,0,6,20,72,359,967,540,8,3.3505687693898656,0,3.665024630541872,0.7487684729064039,0.08538587848932677,0.059113300492610835,reverse_swing,0,2.9836065573770494,0.0,0.7978142076502732,0.6814180731648225,6.0,-0.04904573474386931,-14.318581926835177,1,1,0,0,0,1,0.5399012873542726,0.5516607620225964,-0.011759474668323833,0.0
1000851,3,South Africa,Team_B,inn3_morning,Unknown,South Africa,bat,South Africa,normal,1,77,175,147,10,1,6,0,0,2,18,39,1,175,77,2,2.6399999999999997,0,2.6399999999999997,0.84,0.06285714285714286,0.06857142857142857,new_ball,1,3.665024630541872,6.0,0.7487684729064039,-1.0250246305418722,-4.0,0.09123152709359605,8.974975369458129,1,1,0,0,1,0,0.2839030701446985,0.5399012873542726,-0.25599821720957405,-1.0
1000851,4,Australia,Team_B,inn4_afternoon,Unknown,South Africa,bat,South Africa,normal,0,81,180,146,10,0,8,0,0,2,22,34,176,355,177,4,2.991549295774648,0,2.7,0.8111111111111111,0.05555555555555555,0.06666666666666667,reverse_swing,1,,,,2.7,2.0,0.8111111111111111,-2.3,1,0,1,0,0,0,0.14680284990830328,,-0.3531971500916967,-1.0
1000851,4,Australia,Team_B,inn4_evening,Unknown,South Africa,bat,South Africa,normal,0,184,366,289,23,1,15,0,0,6,17,44,356,721,361,10,3.0041608876560333,0,3.0163934426229506,0.7896174863387978,0.06557377049180328,0.09836065573770492,reverse_swing,0,2.7,2.0,0.8111111111111111,0.31639344262295044,4.0,-0.021493624772313313,-9.68360655737705,1,0,1,0,0,1,0.05844369977049238,0.14680284990830328,-0.0883591501378109,-1.0
1000851,4,Australia,Team_B,inn4_morning,Unknown,South Africa,bat,South Africa,normal,0,96,175,139,11,2,7,0,0,2,16,35,1,175,96,2,3.2914285714285714,0,3.2914285714285714,0.7942857142857143,0.07428571428571429,0.06857142857142857,new_ball,1,3.0163934426229506,6.0,0.7896174863387978,0.27503512880562075,-4.0,0.004668227946916459,10.275035128805621,1,0,1,0,1,0,0.13366993456332082,0.05844369977049238,0.07522623479282844,1.0
1000853,1,Australia,Team_B,inn1_afternoon,Unknown,South Africa,field,South Africa,normal,0,26,23,13,4,0,0,0,0,3,5,0,175,197,85,10,2.5888324873096447,0,6.782608695652174,0.5652173913043478,0.17391304347826086,0.7826086956521738,reverse_swing,0,,,,6.782608695652174,3.0,0.5652173913043478,-0.7173913043478262,0,0,0,1,0,0,0.35920339460500894,,-0.14079660539499106,-1.0
1000853,1,Australia,Team_B,inn1_morning,Unknown,South Africa,field,South Africa,normal,0,59,174,144,6,0,1,0,0,7,15,38,1,174,59,7,2.0344827586206895,0,2.0344827586206895,0.8275862068965517,0.034482758620689655,0.2413793103448276,new_ball,0,6.782608695652174,3.0,0.5652173913043478,-4.748125937031484,4.0,0.26236881559220393,-14.748125937031485,0,0,0,1,1,0,0.298640748352391,0.35920339460500894,-0.060562646252617924,-1.0
1000853,2,South Africa,Team_B,inn2_afternoon,Unknown,South Africa,field,South Africa,normal,1,107,180,131,12,0,6,0,0,1,13,12,176,355,187,5,3.1605633802816904,0,3.566666666666667,0.7277777777777777,0.06666666666666667,0.03333333333333333,reverse_swing,0,,,,3.566666666666667,1.0,0.7277777777777777,1.0666666666666669,0,1,0,0,0,0,0.8060942165077418,,0.3060942165077418,1.0
1000853,2,South Africa,Team_B,inn2_evening,Unknown,South Africa,field,South Africa,normal,1,139,251,195,21,0,2,0,0,5,21,32,356,606,326,10,3.227722772277228,0,3.3227091633466133,0.7768924302788844,0.08366533864541832,0.1195219123505976,reverse_swing,0,3.566666666666667,1.0,0.7277777777777777,-0.24395750332005361,4.0,0.04911465250110669,-10.243957503320054,0,1,0,0,0,1,0.7152835683295599,0.8060942165077418,-0.09081064817818196,-1.0
1000853,2,South Africa,Team_B,inn2_morning,Unknown,South Africa,field,South Africa,normal,1,80,175,140,7,0,4,0,0,4,10,13,1,175,80,4,2.742857142857143,0,2.742857142857143,0.8,0.04,0.13714285714285715,new_ball,1,3.3227091633466133,5.0,0.7768924302788844,-0.5798520204894704,-1.0,0.023107569721115606,1.9201479795105296,0,1,0,0,1,0,0.5501296085508904,0.7152835683295599,-0.16515395977866942,-1.0
1000853,3,Australia,Team_B,inn3_afternoon,Unknown,South Africa,field,South Africa,normal,0,64,181,152,9,0,1,0,0,7,27,43,175,355,155,9,2.619718309859155,0,2.1215469613259668,0.8397790055248618,0.049723756906077346,0.23204419889502761,reverse_swing,0,,,,2.1215469613259668,7.0,0.8397790055248618,-15.378453038674033,0,0,0,0,0,0,0.08324099888867577,,-0.41675900111132425,-1.0
1000853,3,Australia,Team_B,inn3_evening,Unknown,South Africa,field,South Africa,normal,0,6,7,5,1,0,0,0,0,1,4,0,356,362,161,10,2.6685082872928176,0,5.142857142857142,0.7142857142857143,0.14285714285714285,0.8571428571428571,reverse_swing,0,2.1215469613259668,7.0,0.8397790055248618,3.0213101815311756,-6.0,-0.12549329123914754,18.021310181531177,0,0,0,0,0,1,0.06113686323003555,0.08324099888867577,-0.022104135658640216,0.0
1000853,3,Australia,Team_B,inn3_morning,Unknown,South Africa,field,South Africa,normal,0,91,174,132,10,0,1,0,0,2,16,16,1,174,91,2,3.1379310344827585,0,3.1379310344827585,0.7586206896551724,0.05747126436781609,0.06896551724137931,new_ball,1,5.142857142857142,1.0,0.7142857142857143,-2.004926108374384,1.0,0.044334975369458074,-4.504926108374384,0,0,0,0,1,0,0.7544935551329277,0.06113686323003555,0.6933566919028922,1.0
1000855,1,South Africa,Team_B,inn1_afternoon,Unknown,South Africa,bat,Australia,normal,0,82,180,139,9,0,0,0,0,4,12,14,176,355,171,7,2.8901408450704227,0,2.7333333333333334,0.7722222222222223,0.05,0.13333333333333333,reverse_swing,0,,,,2.7333333333333334,4.0,0.7722222222222223,-7.266666666666667,1,1,0,1,0,0,0.3306444954620908,,-0.1693555045379092,-1.0
1000855,1,South Africa,Team_B,inn1_evening,Unknown,South Africa,bat,Australia,normal,0,88,104,65,9,0,6,0,0,2,10,4,356,459,259,9,3.3856209150326797,0,5.0769230769230775,0.625,0.08653846153846154,0.11538461538461539,reverse_swing,0,2.7333333333333334,4.0,0.7722222222222223,2.343589743589744,-2.0,-0.14722222222222225,7.343589743589744,1,1,0,1,0,1,0.7448394524115294,0.3306444954620908,0.4141949569494386,1.0
1000855,1,South Africa,Team_B,inn1_morning,Unknown,South Africa,bat,Australia,normal,0,89,175,138,11,0,8,0,0,3,22,28,1,175,89,3,3.051428571428571,0,3.051428571428571,0.7885714285714286,0.06285714285714286,0.10285714285714286,new_ball,1,5.0769230769230775,2.0,0.625,-2.0254945054945064,1.0,0.1635714285714286,-4.525494505494507,1,1,0,1,1,0,0.8115749667108052,0.7448394524115294,0.06673551429927582,1.0
1000855,2,Australia,Team_B,inn2_afternoon,Unknown,South Africa,bat,Australia,normal,1,111,180,127,13,0,3,0,0,0,9,4,176,355,173,2,2.923943661971831,0,3.7,0.7055555555555556,0.07222222222222222,0.0,reverse_swing,1,,,,3.7,0.0,0.7055555555555556,3.7,1,0,0,0,0,0,0.4499554324746344,,-0.050044567525365624,-1.0
1000855,2,Australia,Team_B,inn2_evening,Unknown,South Africa,bat,Australia,normal,1,210,377,270,18,1,10,0,0,8,13,32,356,732,383,10,3.139344262295082,0,3.3421750663129974,0.7161803713527851,0.050397877984084884,0.1273209549071618,reverse_swing,0,3.7,0.0,0.7055555555555556,-0.35782493368700274,8.0,0.010624815797229514,-20.357824933687002,1,0,0,0,0,1,0.3033063520010937,0.4499554324746344,-0.1466490804735407,-1.0
1000855,2,Australia,Team_B,inn2_morning,Unknown,South Africa,bat,Australia,normal,1,62,175,148,5,1,4,0,0,2,37,49,1,175,62,2,2.1257142857142854,0,2.1257142857142854,0.8457142857142858,0.03428571428571429,0.06857142857142857,new_ball,1,3.3421750663129974,8.0,0.7161803713527851,-1.216460780598712,-6.0,0.12953391436150063,13.783539219401288,1,0,0,0,1,0,0.20959736622640016,0.3033063520010937,-0.09370898577469353,-1.0
1000855,3,South Africa,Team_B,inn3_afternoon,Unknown,South Africa,bat,Australia,normal,0,69,180,149,8,0,1,0,0,2,17,41,177,356,156,4,2.629213483146067,0,2.3,0.8277777777777777,0.044444444444444446,0.06666666666666667,reverse_swing,1,,,,2.3,2.0,0.8277777777777777,-2.7,1,1,0,0,0,0,0.2866470035241385,,-0.21335299647586148,-1.0
1000855,3,South Africa,Team_B,inn3_evening,Unknown,South Africa,bat,Australia,normal,0,94,159,115,9,0,5,0,0,6,15,11,357,515,250,10,2.912621359223301,0,3.547169811320755,0.7232704402515723,0.05660377358490566,0.22641509433962265,reverse_swing,0,2.3,2.0,0.8277777777777777,1.247169811320755,4.0,-0.10450733752620545,-8.752830188679244,1,1,0,0,0,1,0.3081598914366254,0.2866470035241385,0.0215128879124869,0.0
1000855,3,South Africa,Team_B,inn3_morning,Unknown,South Africa,bat,Australia,normal,0,87,176,140,10,1,7,0,0,2,18,33,1,176,87,2,2.965909090909091,0,2.965909090909091,0.7954545454545454,0.0625,0.06818181818181819,new_ball,1,3.547169811320755,6.0,0.7232704402515723,-0.581260720411664,-4.0,0.07218410520297314,9.418739279588337,1,1,0,0,1,0,0.4265794818990454,0.3081598914366254,0.11841959046241995,1.0
1000855,4,Australia,Team_B,inn4_afternoon,Unknown,South Africa,bat,Australia,normal,1,34,71,54,4,0,0,0,0,1,16,13,176,246,127,3,3.097560975609756,0,2.873239436619718,0.7605633802816901,0.056338028169014086,0.08450704225352113,reverse_swing,1,,,,2.873239436619718,1.0,0.7605633802816901,0.37323943661971803,1,0,1,0,0,0,0.22467826107245942,,-0.2753217389275406,-1.0
1000855,4,Australia,Team_B,inn4_morning,Unknown,South Africa,bat,Australia,normal,1,93,175,141,14,0,5,0,0,2,25,38,1,175,93,2,3.1885714285714286,0,3.1885714285714286,0.8057142857142857,0.08,0.06857142857142857,new_ball,1,2.873239436619718,1.0,0.7605633802816901,0.3153319919517106,1.0,0.04515090543259559,-2.1846680080482894,1,0,1,0,1,0,0.284478443879347,0.22467826107245942,0.05980018280688759,1.0
1000881,1,Australia,Team_B,inn1_afternoon,Unknown,Australia,bat,Australia,normal,1,101,181,136,12,0,2,0,0,1,22,40,177,357,182,3,3.0588235294117645,0,3.348066298342541,0.7513812154696132,0.06629834254143646,0.03314917127071823,reverse_swing,1,,,,3.348066298342541,1.0,0.7513812154696132,0.8480662983425411,1,1,0,1,0,0,0.757337309330021,,0.25733730933002097,1.0
1000881,1,Australia,Team_B,inn1_evening,Unknown,Australia,bat,Australia,normal,1,247,432,319,28,2,8,0,0,7,21,42,358,789,429,10,3.2623574144486693,0,3.4305555555555554,0.7384259259259259,0.06944444444444445,0.09722222222222222,reverse_swing,0,3.348066298342541,1.0,0.7513812154696132,0.08248925721301426,6.0,-0.012955289543687298,-14.917510742786986,1,1,0,1,0,1,0.595206126870606,0.757337309330021,-0.16213118245941494,-1.0
1000881,1,Australia,Team_B,inn1_morning,Unknown,Australia,bat,Australia,normal,1,81,176,134,9,0,3,0,0,2,13,9,1,176,81,2,2.7613636363636367,0,2.7613636363636367,0.7613636363636364,0.05113636363636364,0.06818181818181819,new_ball,1,3.4305555555555554,7.0,0.7384259259259259,-0.6691919191919187,-5.0,0.022937710437710424,11.830808080808081,1,1,0,1,1,0,0.5112652679517762,0.595206126870606,-0.08394085891882985,-1.0
1000881,2,Pakistan,Team_B,inn2_afternoon,Unknown,Australia,bat,Australia,normal,0,86,156,115,9,0,1,0,0,5,9,5,176,331,142,10,2.574018126888218,0,3.3076923076923075,0.7371794871794872,0.057692307692307696,0.19230769230769232,reverse_swing,0,,,,3.3076923076923075,5.0,0.7371794871794872,-9.192307692307693,1,0,0,0,0,0,0.06428147961533069,,-0.4357185203846693,-1.0
1000881,2,Pakistan,Team_B,inn2_morning,Unknown,Australia,bat,Australia,normal,0,56,175,144,4,0,3,0,0,5,18,33,1,175,56,5,1.92,0,1.92,0.8228571428571428,0.022857142857142857,0.17142857142857143,new_ball,0,3.3076923076923075,5.0,0.7371794871794872,-1.3876923076923076,0.0,0.08567765567765562,-1.3876923076923076,1,0,0,0,1,0,0.07256188799611428,0.06428147961533069,0.008280408380783588,0.0
1000881,3,Australia,Team_B,inn3_afternoon,Unknown,Australia,bat,Australia,normal,1,72,60,22,9,0,1,0,0,3,3,0,176,235,202,5,5.157446808510638,0,7.2,0.36666666666666664,0.15,0.3,reverse_swing,0,,,,7.2,3.0,0.36666666666666664,-0.2999999999999998,1,1,0,0,0,0,0.95,,0.44999999999999996,1.0
1000881,3,Australia,Team_B,inn3_morning,Unknown,Australia,bat,Australia,normal,1,130,175,121,18,0,6,0,0,2,14,13,1,175,130,2,4.457142857142857,0,4.457142857142857,0.6914285714285714,0.10285714285714286,0.06857142857142857,new_ball,1,7.2,3.0,0.36666666666666664,-2.742857142857143,-1.0,0.32476190476190475,-0.24285714285714288,1,1,0,0,1,0,0.95,0.95,0.0,0.0
1000881,4,Pakistan,Team_B,inn4_afternoon,Unknown,Australia,bat,Australia,normal,0,84,180,142,10,0,1,0,0,0,17,24,175,354,139,2,2.3559322033898304,0,2.8,0.7888888888888889,0.05555555555555555,0.0,reverse_swing,1,,,,2.8,0.0,0.7888888888888889,2.8,1,0,1,0,0,0,0.1690183008462852,,-0.3309816991537148,-1.0
1000881,4,Pakistan,Team_B,inn4_evening,Unknown,Australia,bat,Australia,normal,0,311,518,372,29,3,6,0,0,8,17,39,355,872,450,10,3.0963302752293576,0,3.6023166023166024,0.7181467181467182,0.06177606177606178,0.09266409266409267,reverse_swing,0,2.8,0.0,0.7888888888888889,0.8023166023166026,8.0,-0.0707421707421707,-19.1976833976834,1,0,1,0,0,1,0.15207339830019262,0.1690183008462852,-0.016944902546092572,0.0
1000881,4,Pakistan,Team_B,inn4_morning,Unknown,Australia,bat,Australia,normal,0,55,174,146,5,0,0,0,0,2,38,56,1,174,55,2,1.896551724137931,0,1.896551724137931,0.8390804597701149,0.028735632183908046,0.06896551724137931,new_ball,1,3.6023166023166024,8.0,0.7181467181467182,-1.7057648781786714,-6.0,0.12093374162339676,13.294235121821329,1,0,1,0,1,0,0.12510614777644577,0.15207339830019262,-0.02696725052374685,0.0
1000883,1,Pakistan,Team_B,inn1_afternoon,Unknown,Pakistan,bat,Australia,normal,0,86,180,141,8,1,1,0,0,2,18,27,176,355,157,4,2.6535211267605634,0,2.8666666666666667,0.7833333333333333,0.05,0.06666666666666667,reverse_swing,1,,,,2.8666666666666667,2.0,0.7833333333333333,-2.1333333333333333,1,1,0,1,0,0,0.5449741929775228,,0.04497419297752281,0.0
1000883,1,Pakistan,Team_B,inn1_evening,Unknown,Pakistan,bat,Australia,normal,0,286,406,278,31,4,11,0,0,5,21,39,356,761,443,9,3.492772667542707,0,4.226600985221674,0.6847290640394089,0.08620689655172414,0.07389162561576354,reverse_swing,0,2.8666666666666667,2.0,0.7833333333333333,1.3599343185550077,3.0,-0.09860426929392441,-6.140065681444993,1,1,0,1,0,1,0.7433481944983342,0.5449741929775228,0.19837400152081142,1.0
1000883,1,Pakistan,Team_B,inn1_morning,Unknown,Pakistan,bat,Australia,normal,0,71,175,141,4,0,7,0,0,2,17,30,1,175,71,2,2.434285714285714,0,2.434285714285714,0.8057142857142857,0.022857142857142857,0.06857142857142857,new_ball,1,4.226600985221674,5.0,0.6847290640394089,-1.7923152709359602,-3.0,0.1209852216748768,5.70768472906404,1,1,0,1,1,0,0.6189617956863566,0.7433481944983342,-0.12438639881197766,-1.0
1000883,2,Australia,Team_B,inn2_afternoon,Unknown,Pakistan,bat,Australia,normal,1,143,187,125,15,1,13,0,0,1,13,17,178,364,278,2,4.582417582417583,0,4.588235294117647,0.6684491978609626,0.0855614973262032,0.0320855614973262,reverse_swing,1,,,,4.588235294117647,1.0,0.6684491978609626,2.0882352941176467,1,0,0,0,0,0,0.7874150860751257,,0.28741508607512567,1.0
1000883,2,Australia,Team_B,inn2_evening,Unknown,Pakistan,bat,Australia,normal,1,346,502,328,26,8,8,0,0,6,17,28,365,866,624,8,4.3233256351039255,0,4.135458167330677,0.6533864541832669,0.06772908366533864,0.07171314741035856,reverse_swing,0,4.588235294117647,1.0,0.6684491978609626,-0.4527771267869696,5.0,-0.015062743677695667,-12.95277712678697,1,0,0,0,0,1,0.7960828612002766,0.7874150860751257,0.008667775125150934,0.0
1000883,2,Australia,Team_B,inn2_morning,Unknown,Pakistan,bat,Australia,normal,1,135,177,118,18,0,6,0,0,1,12,12,1,177,135,1,4.576271186440678,0,4.576271186440678,0.6666666666666666,0.1016949152542373,0.03389830508474576,new_ball,1,4.135458167330677,6.0,0.6533864541832669,0.44081301911000104,-5.0,0.013280212483399723,12.940813019110001,1,0,0,0,1,0,0.7674842387492777,0.7960828612002766,-0.028598622450998867,0.0
1000883,3,Pakistan,Team_B,inn3_afternoon,Unknown,Pakistan,bat,Australia,normal,0,76,146,111,8,0,1,0,0,6,13,13,177,322,163,10,3.037267080745342,0,3.1232876712328768,0.7602739726027398,0.0547945205479452,0.24657534246575344,reverse_swing,0,,,,3.1232876712328768,6.0,0.7602739726027398,-11.876712328767123,1,1,0,0,0,0,0.14950680760006027,,-0.3504931923999397,-1.0
1000883,3,Pakistan,Team_B,inn3_morning,Unknown,Pakistan,bat,Australia,normal,0,87,176,137,5,0,10,0,0,4,16,39,1,176,87,4,2.965909090909091,0,2.965909090909091,0.7784090909090909,0.028409090909090908,0.13636363636363638,new_ball,1,3.1232876712328768,6.0,0.7602739726027398,-0.15737858032378593,-2.0,0.018135118306351172,4.842621419676214,1,1,0,0,1,0,0.35495972032538514,0.14950680760006027,0.20545291272532487,1.0
1000885,1,Australia,Team_B,inn1_afternoon,Unknown,Australia,bat,Australia,normal,1,107,182,126,8,0,2,0,0,2,20,25,175,356,243,2,4.095505617977528,0,3.527472527472528,0.6923076923076923,0.04395604395604396,0.06593406593406594,reverse_swing,1,,,,3.527472527472528,2.0,0.6923076923076923,-1.4725274725274722,1,1,0,1,0,0,0.9291361603064279,,0.42913616030642787,1.0
1000885,1,Australia,Team_B,inn1_evening,Unknown,Australia,bat,Australia,normal,1,295,460,308,28,2,9,0,0,6,14,20,357,816,538,8,3.9558823529411766,0,3.8478260869565215,0.6695652173913044,0.06521739130434782,0.07826086956521738,reverse_swing,0,3.527472527472528,2.0,0.6923076923076923,0.3203535594839937,4.0,-0.022742474916387923,-9.679646440516006,1,1,0,1,0,1,0.8306242532190191,0.9291361603064279,-0.09851190708740876,-1.0
1000885,1,Australia,Team_B,inn1_morning,Unknown,Australia,bat,Australia,normal,1,136,174,112,20,0,1,0,0,0,11,4,1,174,136,0,4.689655172413793,0,4.689655172413793,0.6436781609195402,0.11494252873563218,0.0,new_ball,1,3.8478260869565215,6.0,0.6695652173913044,0.8418290854572712,-6.0,-0.025887056471764147,15.84182908545727,1,1,0,1,1,0,0.942436535316269,0.8306242532190191,0.11181228209724992,1.0
1000885,2,Pakistan,Team_B,inn2_afternoon,Unknown,Australia,bat,Australia,normal,0,76,180,141,8,0,0,0,0,1,14,23,175,354,162,3,2.7457627118644066,0,2.533333333333333,0.7833333333333333,0.044444444444444446,0.03333333333333333,reverse_swing,1,,,,2.533333333333333,1.0,0.7833333333333333,0.033333333333333215,1,0,0,0,0,0,0.2640375726519365,,-0.2359624273480635,-1.0
1000885,2,Pakistan,Team_B,inn2_evening,Unknown,Australia,bat,Australia,normal,0,153,309,228,12,4,3,0,0,7,18,32,355,663,315,10,2.8506787330316743,0,2.970873786407767,0.7378640776699029,0.05177993527508091,0.13592233009708737,reverse_swing,0,2.533333333333333,1.0,0.7833333333333333,0.4375404530744338,6.0,-0.04546925566343041,-14.562459546925567,1,0,0,0,0,1,0.17781338402379873,0.2640375726519365,-0.08622418862813777,-1.0
1000885,2,Pakistan,Team_B,inn2_morning,Unknown,Australia,bat,Australia,normal,0,86,174,131,10,0,0,0,0,2,16,19,1,174,86,2,2.9655172413793105,0,2.9655172413793105,0.7528735632183908,0.05747126436781609,0.06896551724137931,new_ball,1,2.970873786407767,7.0,0.7378640776699029,-0.005356545028456505,-5.0,0.01500948554848791,12.494643454971543,1,0,0,0,1,0,0.25045019665868257,0.17781338402379873,0.07263681263488383,1.0
1000885,3,Australia,Team_B,inn3_afternoon,Unknown,Australia,bat,Australia,normal,1,29,18,2,4,0,0,0,0,0,1,0,177,194,241,2,7.45360824742268,0,9.666666666666666,0.1111111111111111,0.2222222222222222,0.0,reverse_swing,1,,,,9.666666666666666,0.0,0.1111111111111111,9.666666666666666,1,1,0,0,0,0,0.95,,0.44999999999999996,1.0
1000885,3,Australia,Team_B,inn3_morning,Unknown,Australia,bat,Australia,normal,1,212,176,86,22,5,8,0,0,2,9,2,1,176,212,2,7.2272727272727275,0,7.2272727272727275,0.48863636363636365,0.1534090909090909,0.06818181818181819,new_ball,1,9.666666666666666,0.0,0.1111111111111111,-2.4393939393939386,2.0,0.37752525252525254,-7.439393939393939,1,1,0,0,1,0,0.95,0.95,0.0,0.0
1000885,4,Pakistan,Team_B,inn4_afternoon,Unknown,Australia,bat,Australia,normal,0,54,180,155,7,0,0,0,0,3,26,56,176,355,136,6,2.2985915492957747,0,1.8,0.8611111111111112,0.03888888888888889,0.1,reverse_swing,0,,,,1.8,3.0,0.8611111111111112,-5.7,1,0,1,0,0,0,0.05,,-0.45,-1.0
1000885,4,Pakistan,Team_B,inn4_evening,Unknown,Australia,bat,Australia,normal,0,108,128,81,13,2,0,0,0,4,24,4,356,483,244,10,3.031055900621118,0,5.0625,0.6328125,0.1171875,0.1875,reverse_swing,0,1.8,3.0,0.8611111111111112,3.2625,1.0,-0.22829861111111116,0.7625000000000002,1,0,1,0,0,1,0.20388539207110784,0.05,0.15388539207110785,1.0
1000885,4,Pakistan,Team_B,inn4_morning,Unknown,Australia,bat,Australia,normal,0,82,175,141,11,1,1,0,0,3,15,22,1,175,82,3,2.8114285714285714,0,2.8114285714285714,0.8057142857142857,0.06857142857142857,0.10285714285714286,new_ball,1,5.0625,4.0,0.6328125,-2.2510714285714286,-1.0,0.17290178571428572,0.2489285714285714,1,0,1,0,1,0,0.16404368316252385,0.20388539207110784,-0.03984170890858399,0.0
1019985,1,Bangladesh,Team_B,inn1_afternoon,Unknown,New Zealand,field,New Zealand,normal,0,94,180,136,14,0,1,0,0,2,16,16,175,354,213,4,3.610169491525424,0,3.1333333333333333,0.7555555555555555,0.07777777777777778,0.06666666666666667,reverse_swing,1,,,,3.1333333333333333,2.0,0.7555555555555555,-1.8666666666666667,0,0,0,1,0,0,0.5752218737513997,,0.07522187375139966,1.0
1019985,1,Bangladesh,Team_B,inn1_evening,Unknown,New Zealand,field,New Zealand,normal,0,382,559,370,52,1,7,0,0,4,12,25,355,913,595,8,3.910186199342826,0,4.100178890876565,0.6618962432915921,0.09481216457960644,0.04293381037567084,reverse_swing,0,3.1333333333333333,2.0,0.7555555555555555,0.9668455575432318,2.0,-0.0936593122639634,-4.033154442456768,0,0,0,1,0,1,0.7219819663916411,0.5752218737513997,0.14676009264024148,1.0
1019985,1,Bangladesh,Team_B,inn1_morning,Unknown,New Zealand,field,New Zealand,normal,0,119,174,130,21,1,1,0,0,2,13,12,1,174,119,2,4.103448275862069,0,4.103448275862069,0.7471264367816092,0.12643678160919541,0.06896551724137931,new_ball,1,4.100178890876565,4.0,0.6618962432915921,0.003269384985504331,-2.0,0.08523019349001704,5.003269384985504,0,0,0,1,1,0,0.7013440348918728,0.7219819663916411,-0.020637931499768336,0.0
1019985,2,New Zealand,Team_B,inn2_afternoon,Unknown,New Zealand,field,New Zealand,normal,1,153,183,115,20,0,15,0,0,2,8,1,175,357,255,3,4.285714285714286,0,5.016393442622951,0.6284153005464481,0.1092896174863388,0.06557377049180328,reverse_swing,1,,,,5.016393442622951,2.0,0.6284153005464481,0.016393442622950616,0,1,0,0,0,0,0.95,,0.44999999999999996,1.0
1019985,2,New Zealand,Team_B,inn2_evening,Unknown,New Zealand,field,New Zealand,normal,1,284,538,397,23,6,15,0,0,7,27,49,358,895,539,10,3.6134078212290506,0,3.16728624535316,0.7379182156133829,0.05390334572490706,0.07806691449814127,reverse_swing,0,5.016393442622951,2.0,0.6284153005464481,-1.8491071972697908,5.0,0.10950291506693477,-14.349107197269792,0,1,0,0,0,1,0.905315800664388,0.95,-0.04468419933561196,0.0
1019985,2,New Zealand,Team_B,inn2_morning,Unknown,New Zealand,field,New Zealand,normal,1,102,174,127,13,0,0,0,0,1,14,23,1,174,102,1,3.5172413793103448,0,3.5172413793103448,0.7298850574712644,0.07471264367816093,0.034482758620689655,new_ball,1,3.16728624535316,7.0,0.7379182156133829,0.3499551339571849,-6.0,-0.008033158142118468,15.349955133957184,0,1,0,0,1,0,0.8568481372400063,0.905315800664388,-0.04846766342438169,0.0
1019985,3,Bangladesh,Team_B,inn3_afternoon,Unknown,New Zealand,field,New Zealand,normal,0,60,173,147,10,0,0,0,0,5,23,46,176,348,160,10,2.7586206896551726,0,2.0809248554913298,0.8497109826589595,0.057803468208092484,0.17341040462427745,reverse_swing,0,,,,2.0809248554913298,5.0,0.8497109826589595,-10.419075144508671,0,0,0,0,0,0,0.060209683161937914,,-0.4397903168380621,-1.0
1019985,3,Bangladesh,Team_B,inn3_morning,Unknown,New Zealand,field,New Zealand,normal,0,100,175,131,12,1,1,0,0,5,13,12,1,175,100,5,3.4285714285714284,0,3.4285714285714284,0.7485714285714286,0.07428571428571429,0.17142857142857143,new_ball,0,2.0809248554913298,5.0,0.8497109826589595,1.3476465730800986,0.0,-0.10113955408753095,1.3476465730800986,0,0,0,0,1,0,0.1924290942839742,0.060209683161937914,0.13221941112203628,1.0
1019985,4,New Zealand,Team_B,inn4_afternoon,Unknown,New Zealand,field,New Zealand,normal,1,61,64,35,7,0,6,0,0,1,6,0,175,238,217,3,5.470588235294118,0,5.71875,0.546875,0.109375,0.09375,reverse_swing,1,,,,5.71875,1.0,0.546875,3.21875,0,1,1,0,0,0,0.95,,0.44999999999999996,1.0
1019985,4,New Zealand,Team_B,inn4_morning,Unknown,New Zealand,field,New Zealand,normal,1,156,174,101,17,0,14,0,0,2,6,0,1,174,156,2,5.379310344827586,0,5.379310344827586,0.5804597701149425,0.09770114942528736,0.06896551724137931,new_ball,1,5.71875,1.0,0.546875,-0.3394396551724137,1.0,0.03358477011494254,-2.8394396551724137,0,1,1,0,1,0,0.95,0.95,0.0,0.0
1019987,1,Bangladesh,Team_B,inn1_afternoon,Unknown,New Zealand,field,New Zealand,normal,0,113,181,127,13,0,7,0,0,4,11,7,176,356,245,6,4.129213483146067,0,3.74585635359116,0.7016574585635359,0.0718232044198895,0.13259668508287292,reverse_swing,0,,,,3.74585635359116,4.0,0.7016574585635359,-6.25414364640884,0,0,0,1,0,0,0.6172946120957516,,0.11729461209575165,1.0
1019987,1,Bangladesh,Team_B,inn1_evening,Unknown,New Zealand,field,New Zealand,normal,0,44,153,130,4,0,4,0,0,4,20,35,357,509,289,10,3.406679764243615,0,1.7254901960784315,0.8496732026143791,0.026143790849673203,0.1568627450980392,reverse_swing,0,3.74585635359116,4.0,0.7016574585635359,-2.0203661575127287,0.0,0.14801574405084317,-2.0203661575127287,0,0,0,1,0,1,0.27537516232879267,0.6172946120957516,-0.341919449766959,-1.0
1019987,1,Bangladesh,Team_B,inn1_morning,Unknown,New Zealand,field,New Zealand,normal,0,132,175,120,20,0,1,0,0,2,15,13,1,175,132,2,4.525714285714286,0,4.525714285714286,0.6857142857142857,0.11428571428571428,0.06857142857142857,new_ball,1,1.7254901960784315,4.0,0.8496732026143791,2.8002240896358543,-2.0,-0.16395891690009334,7.800224089635854,0,0,0,1,1,0,0.761130163301083,0.27537516232879267,0.4857550009722903,1.0
1019987,2,New Zealand,Team_B,inn2_afternoon,Unknown,New Zealand,field,New Zealand,normal,1,120,181,116,10,2,2,0,0,2,10,6,179,359,215,4,3.5933147632311977,0,3.977900552486188,0.6408839779005525,0.06629834254143646,0.06629834254143646,reverse_swing,1,,,,3.977900552486188,2.0,0.6408839779005525,-1.022099447513812,0,1,0,0,0,0,0.9254579126058113,,0.42545791260581134,1.0
1019987,2,New Zealand,Team_B,inn2_evening,Unknown,New Zealand,field,New Zealand,normal,1,139,204,141,18,1,7,0,0,6,20,22,360,563,354,10,3.7726465364120783,0,4.088235294117647,0.6911764705882353,0.09313725490196079,0.17647058823529413,reverse_swing,0,3.977900552486188,2.0,0.6408839779005525,0.11033474163145884,4.0,0.050292492687682766,-9.889665258368542,0,1,0,0,0,1,0.8744800464931393,0.9254579126058113,-0.05097786611267208,-1.0
1019987,2,New Zealand,Team_B,inn2_morning,Unknown,New Zealand,field,New Zealand,normal,1,95,178,140,15,0,4,0,0,2,17,29,1,178,95,2,3.202247191011236,0,3.202247191011236,0.7865168539325843,0.08426966292134831,0.06741573033707865,new_ball,1,4.088235294117647,6.0,0.6911764705882353,-0.8859881031064107,-4.0,0.09534038334434902,9.11401189689359,0,1,0,0,1,0,0.7800362084750505,0.8744800464931393,-0.09444383801808875,-1.0
1019987,3,Bangladesh,Team_B,inn3_afternoon,Unknown,New Zealand,field,New Zealand,normal,0,87,143,108,9,3,2,0,0,7,15,21,175,317,173,10,3.274447949526814,0,3.6503496503496504,0.7552447552447552,0.08391608391608392,0.2937062937062937,reverse_swing,0,,,,3.6503496503496504,7.0,0.7552447552447552,-13.84965034965035,0,0,0,0,0,0,0.11327728060900073,,-0.3867227193909993,-1.0
1019987,3,Bangladesh,Team_B,inn3_morning,Unknown,New Zealand,field,New Zealand,normal,0,86,174,133,12,0,0,0,0,3,19,19,1,174,86,3,2.9655172413793105,0,2.9655172413793105,0.764367816091954,0.06896551724137931,0.10344827586206896,new_ball,1,3.6503496503496504,7.0,0.7552447552447552,-0.6848324089703399,-4.0,0.009123060847198827,9.31516759102966,0,0,0,0,1,0,0.31006644755314733,0.11327728060900073,0.1967891669441466,1.0
1019987,4,New Zealand,Team_B,inn4_morning,Unknown,New Zealand,field,New Zealand,normal,1,111,115,73,10,5,4,0,0,1,8,1,1,115,111,1,5.791304347826086,0,5.791304347826086,0.6347826086956522,0.13043478260869565,0.05217391304347826,new_ball,1,,,,5.791304347826086,1.0,0.6347826086956522,3.2913043478260864,0,1,1,0,1,0,0.95,,0.44999999999999996,1.0
1019993,1,Pakistan,Team_B,inn1_afternoon,Unknown,New Zealand,field,New Zealand,normal,0,56,161,139,6,0,6,0,0,6,29,54,175,335,133,10,2.382089552238806,0,2.0869565217391304,0.8633540372670807,0.037267080745341616,0.2236024844720497,reverse_swing,0,,,,2.0869565217391304,6.0,0.8633540372670807,-12.91304347826087,0,0,0,1,0,0,0.11019693828218399,,-0.389803061717816,-1.0
1019993,1,Pakistan,Team_B,inn1_morning,Unknown,New Zealand,field,New Zealand,normal,0,77,174,141,5,0,14,0,0,4,22,41,1,174,77,4,2.6551724137931036,0,2.6551724137931036,0.8103448275862069,0.028735632183908046,0.13793103448275862,new_ball,1,2.0869565217391304,6.0,0.8633540372670807,0.5682158920539733,-2.0,-0.05300920968087386,5.568215892053973,0,0,0,1,1,0,0.2696775449498938,0.11019693828218399,0.15948060666770983,1.0
1019993,2,New Zealand,Team_B,inn2_afternoon,Unknown,New Zealand,field,New Zealand,normal,1,112,184,128,15,0,4,0,0,6,11,11,176,359,193,9,3.225626740947075,0,3.652173913043478,0.6956521739130435,0.08152173913043478,0.19565217391304346,reverse_swing,0,,,,3.652173913043478,6.0,0.6956521739130435,-11.347826086956522,0,1,0,0,0,0,0.5670443370447282,,0.06704433704472823,1.0
1019993,2,New Zealand,Team_B,inn2_evening,Unknown,New Zealand,field,New Zealand,normal,1,7,5,3,0,1,0,0,0,1,3,0,360,364,200,10,3.296703296703297,0,8.4,0.6,0.2,1.0,reverse_swing,0,3.652173913043478,6.0,0.6956521739130435,4.747826086956522,-5.0,-0.09565217391304348,17.247826086956522,0,1,0,0,0,1,0.7777012835714112,0.5670443370447282,0.210656946526683,1.0
1019993,2,New Zealand,Team_B,inn2_morning,Unknown,New Zealand,field,New Zealand,normal,1,81,175,143,13,0,2,0,0,3,12,19,1,175,81,3,2.777142857142857,0,2.777142857142857,0.8171428571428572,0.07428571428571429,0.10285714285714286,new_ball,1,8.4,1.0,0.6,-5.622857142857143,2.0,0.2171428571428572,-10.622857142857143,0,1,0,0,1,0,0.9234402989197527,0.7777012835714112,0.14573901534834144,1.0
1019993,3,Pakistan,Team_B,inn3_afternoon,Unknown,New Zealand,field,New Zealand,normal,0,54,180,158,5,0,11,0,0,4,27,59,175,354,95,5,1.6101694915254237,0,1.8,0.8777777777777778,0.027777777777777776,0.13333333333333333,reverse_swing,0,,,,1.8,4.0,0.8777777777777778,-8.2,0,0,0,0,0,0,0.10898731880079422,,-0.3910126811992058,-1.0
1019993,3,Pakistan,Team_B,inn3_evening,Unknown,New Zealand,field,New Zealand,normal,0,76,119,84,7,1,5,0,0,5,8,1,355,473,171,10,2.1691331923890065,0,3.831932773109244,0.7058823529411765,0.06722689075630252,0.25210084033613445,reverse_swing,0,1.8,4.0,0.8777777777777778,2.0319327731092436,1.0,-0.17189542483660125,-0.4680672268907564,0,0,0,0,0,1,0.09612638929138102,0.10898731880079422,-0.0128609295094132,0.0
1019993,3,Pakistan,Team_B,inn3_morning,Unknown,New Zealand,field,New Zealand,normal,0,41,174,150,3,0,1,0,0,1,23,54,1,174,41,1,1.4137931034482758,0,1.4137931034482758,0.8620689655172413,0.017241379310344827,0.034482758620689655,new_ball,1,3.831932773109244,5.0,0.7058823529411765,-2.418139669660968,-4.0,0.1561866125760648,7.5818603303390315,0,0,0,0,1,0,0.22182353240807415,0.09612638929138102,0.1256971431166931,1.0
1019993,4,New Zealand,Team_B,inn4_afternoon,Unknown,New Zealand,field,New Zealand,normal,1,5,15,13,1,0,0,0,0,1,13,6,177,191,108,2,3.392670157068063,0,2.0,0.8666666666666667,0.06666666666666667,0.4,reverse_swing,1,,,,2.0,1.0,0.8666666666666667,-0.5,0,1,1,0,0,0,0.46581087373384517,,-0.034189126266154835,0.0
1019993,4,New Zealand,Team_B,inn4_morning,Unknown,New Zealand,field,New Zealand,normal,1,103,176,120,8,1,2,0,0,1,12,12,1,176,103,1,3.5113636363636367,0,3.5113636363636367,0.6818181818181818,0.05113636363636364,0.034090909090909095,new_ball,1,2.0,1.0,0.8666666666666667,1.5113636363636367,0.0,-0.18484848484848493,1.5113636363636367,0,1,1,0,1,0,0.9018078378328535,0.46581087373384517,0.4359969640990083,1.0
1019995,1,New Zealand,Team_B,inn1_afternoon,Unknown,Pakistan,field,New Zealand,normal,1,92,181,147,16,0,5,0,0,3,17,27,175,355,187,6,3.1605633802816904,0,3.049723756906077,0.8121546961325967,0.08839779005524862,0.09944751381215469,reverse_swing,0,,,,3.049723756906077,3.0,0.8121546961325967,-4.4502762430939224,0,0,0,1,0,0,0.2626192965405394,,-0.2373807034594606,-1.0
1019995,1,New Zealand,Team_B,inn1_evening,Unknown,Pakistan,field,New Zealand,normal,1,84,149,111,12,1,1,0,0,4,13,19,356,504,271,10,3.2261904761904763,0,3.38255033557047,0.7449664429530202,0.087248322147651,0.16107382550335572,reverse_swing,0,3.049723756906077,3.0,0.8121546961325967,0.3328265786643927,1.0,-0.06718825317957655,-2.1671734213356073,0,0,0,1,0,1,0.30460351091485144,0.2626192965405394,0.041984214374312046,0.0
1019995,1,New Zealand,Team_B,inn1_morning,Unknown,Pakistan,field,New Zealand,normal,1,95,174,131,15,0,0,0,0,3,11,9,1,174,95,3,3.2758620689655173,0,3.2758620689655173,0.7528735632183908,0.08620689655172414,0.10344827586206896,new_ball,1,3.38255033557047,4.0,0.7449664429530202,-0.10668826660495245,-1.0,0.00790712026537066,2.3933117333950475,0,0,0,1,1,0,0.4743434685395362,0.30460351091485144,0.16973995762468475,1.0
1019995,2,Pakistan,Team_B,inn2_afternoon,Unknown,Pakistan,field,New Zealand,normal,0,118,180,127,13,2,4,0,0,3,10,5,176,355,194,8,3.27887323943662,0,3.933333333333333,0.7055555555555556,0.08333333333333333,0.1,reverse_swing,0,,,,3.933333333333333,3.0,0.7055555555555556,-3.566666666666667,0,1,0,0,0,0,0.6619233547938246,,0.16192335479382458,1.0
1019995,2,Pakistan,Team_B,inn2_evening,Unknown,Pakistan,field,New Zealand,normal,0,22,48,40,4,0,0,0,0,2,10,7,356,403,216,10,3.215880893300248,0,2.75,0.8333333333333334,0.08333333333333333,0.25,reverse_swing,0,3.933333333333333,3.0,0.7055555555555556,-1.1833333333333331,-1.0,0.12777777777777777,1.3166666666666669,0,1,0,0,0,1,0.4429686349194367,0.6619233547938246,-0.21895471987438786,-1.0
1019995,2,Pakistan,Team_B,inn2_morning,Unknown,Pakistan,field,New Zealand,normal,0,76,175,141,11,0,2,0,0,5,15,28,1,175,76,5,2.6057142857142854,0,2.6057142857142854,0.8057142857142857,0.06285714285714286,0.17142857142857143,new_ball,0,2.75,2.0,0.8333333333333334,-0.14428571428571457,3.0,-0.027619047619047654,-7.644285714285715,0,1,0,0,1,0,0.506153516158613,0.4429686349194367,0.06318488123917632,1.0
1019995,3,New Zealand,Team_B,inn3_afternoon,Unknown,Pakistan,field,New Zealand,normal,1,117,182,136,18,0,6,0,0,2,19,14,175,356,187,3,3.151685393258427,0,3.857142857142857,0.7472527472527473,0.0989010989010989,0.06593406593406594,reverse_swing,1,,,,3.857142857142857,2.0,0.7472527472527473,-1.1428571428571428,0,0,0,0,0,0,0.4702089681089381,,-0.029791031891061914,0.0
1019995,3,New Zealand,Team_B,inn3_evening,Unknown,Pakistan,field,New Zealand,normal,1,126,161,103,19,0,3,0,0,2,8,1,357,517,313,5,3.632495164410058,0,4.695652173913044,0.639751552795031,0.11801242236024845,0.07453416149068323,reverse_swing,0,3.857142857142857,2.0,0.7472527472527473,0.8385093167701867,0.0,-0.10750119445771622,0.8385093167701867,0,0,0,0,0,1,0.7631193550965862,0.4702089681089381,0.29291038698764815,1.0
1019995,3,New Zealand,Team_B,inn3_morning,Unknown,Pakistan,field,New Zealand,normal,1,70,174,144,10,0,5,0,0,1,27,39,1,174,70,1,2.413793103448276,0,2.413793103448276,0.8275862068965517,0.05747126436781609,0.034482758620689655,new_ball,1,4.695652173913044,2.0,0.639751552795031,-2.281859070464768,-1.0,0.18783465410152067,0.2181409295352319,0,0,0,0,1,0,0.607584675574616,0.7631193550965862,-0.1555346795219702,-1.0
1019995,4,Pakistan,Team_B,inn4_afternoon,Unknown,Pakistan,field,New Zealand,normal,0,74,180,133,5,1,1,0,0,0,18,24,178,357,129,0,2.168067226890756,0,2.466666666666667,0.7388888888888889,0.03333333333333333,0.0,reverse_swing,1,,,,2.466666666666667,0.0,0.7388888888888889,2.466666666666667,0,1,1,0,0,0,0.81675471693511,,0.31675471693511004,1.0
1019995,4,Pakistan,Team_B,inn4_evening,Unknown,Pakistan,field,New Zealand,normal,0,101,199,140,11,0,5,0,0,10,14,19,358,556,230,10,2.4820143884892083,0,3.0452261306532664,0.7035175879396985,0.05527638190954774,0.30150753768844224,reverse_swing,0,2.466666666666667,0.0,0.7388888888888889,0.5785594639865996,10.0,-0.03537130094919039,-24.4214405360134,0,1,1,0,0,1,0.4217626149460261,0.81675471693511,-0.3949921019890839,-1.0
1019995,4,Pakistan,Team_B,inn4_morning,Unknown,Pakistan,field,New Zealand,normal,0,55,177,152,5,0,8,0,0,0,16,45,1,177,55,0,1.8644067796610169,0,1.8644067796610169,0.8587570621468926,0.02824858757062147,0.0,new_ball,1,3.0452261306532664,10.0,0.7035175879396985,-1.1808193509922496,-10.0,0.15523947420719408,23.819180649007752,0,1,1,0,1,0,0.2602245149194922,0.4217626149460261,-0.1615381000265339,-1.0
1020041,1,South Africa,Team_B,inn1_afternoon,Unknown,South Africa,bat,draw/no result,normal,0,86,180,141,14,0,0,0,0,1,15,25,175,354,148,4,2.5084745762711864,0,2.8666666666666667,0.7833333333333333,0.07777777777777778,0.03333333333333333,reverse_swing,1,,,,2.8666666666666667,1.0,0.7833333333333333,0.3666666666666667,1,1,0,1,0,0,0.4304971457737479,,-0.06950285422625208,-1.0
1020041,1,South Africa,Team_B,inn1_evening,Unknown,South Africa,bat,draw/no result,normal,0,160,384,313,23,0,3,0,0,6,27,84,355,738,308,10,2.5040650406504064,0,2.5,0.8151041666666666,0.059895833333333336,0.09375,reverse_swing,0,2.8666666666666667,1.0,0.7833333333333333,-0.3666666666666667,5.0,0.031770833333333304,-12.866666666666667,1,1,0,1,0,1,0.34250907029168876,0.4304971457737479,-0.08798807548205917,-1.0
1020041,1,South Africa,Team_B,inn1_morning,Unknown,South Africa,bat,draw/no result,normal,0,62,174,149,10,0,4,0,0,3,20,55,1,174,62,3,2.1379310344827585,0,2.1379310344827585,0.8563218390804598,0.05747126436781609,0.10344827586206896,new_ball,1,2.5,6.0,0.8151041666666666,-0.36206896551724155,-3.0,0.04121767241379315,7.137931034482758,1,1,0,1,1,0,0.1853715179617366,0.34250907029168876,-0.15713755232995216,-1.0
1020041,2,New Zealand,Team_B,inn2_afternoon,Unknown,South Africa,bat,draw/no result,normal,0,108,181,139,15,0,7,0,0,3,19,24,176,356,187,4,3.151685393258427,0,3.580110497237569,0.7679558011049724,0.08287292817679558,0.09944751381215469,reverse_swing,1,,,,3.580110497237569,3.0,0.7679558011049724,-3.919889502762431,1,0,0,0,0,0,0.2877991129373002,,-0.2122008870626998,-1.0
1020041,2,New Zealand,Team_B,inn2_evening,Unknown,South Africa,bat,draw/no result,normal,0,154,334,269,21,3,2,0,0,6,18,62,357,690,341,10,2.965217391304348,0,2.7664670658682637,0.8053892215568862,0.0718562874251497,0.10778443113772455,reverse_swing,0,3.580110497237569,3.0,0.7679558011049724,-0.8136434313693051,3.0,0.03743342045191378,-8.313643431369306,1,0,0,0,0,1,0.10014805647535277,0.2877991129373002,-0.18765105646194744,-1.0
1020041,2,New Zealand,Team_B,inn2_morning,Unknown,South Africa,bat,draw/no result,normal,0,79,175,141,9,0,2,0,0,1,18,27,1,175,79,1,2.7085714285714286,0,2.7085714285714286,0.8057142857142857,0.05142857142857143,0.03428571428571429,new_ball,1,2.7664670658682637,6.0,0.8053892215568862,-0.05789563729683511,-5.0,0.0003250641573995239,12.442104362703166,1,0,0,0,1,0,0.2255148077339455,0.10014805647535277,0.12536675125859273,1.0
1020041,3,South Africa,Team_B,inn3_afternoon,Unknown,South Africa,bat,draw/no result,normal,0,77,180,141,9,0,1,0,0,1,12,18,176,355,131,3,2.2140845070422537,0,2.566666666666667,0.7833333333333333,0.05,0.03333333333333333,reverse_swing,1,,,,2.566666666666667,1.0,0.7833333333333333,0.06666666666666687,1,1,0,0,0,0,0.32629576712542285,,-0.17370423287457715,-1.0
1020041,3,South Africa,Team_B,inn3_evening,Unknown,South Africa,bat,draw/no result,normal,0,93,258,215,15,0,0,0,0,3,21,53,356,613,224,6,2.1924959216965743,0,2.1627906976744184,0.8333333333333334,0.05813953488372093,0.06976744186046512,reverse_swing,0,2.566666666666667,1.0,0.7833333333333333,-0.4038759689922484,2.0,0.050000000000000044,-5.403875968992248,1,1,0,0,0,1,0.27749111253641245,0.32629576712542285,-0.0488046545890104,0.0
1020041,3,South Africa,Team_B,inn3_morning,Unknown,South Africa,bat,draw/no result,normal,0,54,175,150,7,0,4,0,0,2,26,50,1,175,54,2,1.8514285714285714,0,1.8514285714285714,0.8571428571428571,0.04,0.06857142857142857,new_ball,1,2.1627906976744184,3.0,0.8333333333333334,-0.311362126245847,-1.0,0.023809523809523725,2.188637873754153,1,1,0,0,1,0,0.24210174960489267,0.27749111253641245,-0.035389362931519786,0.0
1020043,1,New Zealand,Team_B,inn1_afternoon,Unknown,South Africa,field,South Africa,normal,0,82,180,137,11,0,1,0,0,1,19,21,175,354,169,5,2.864406779661017,0,2.7333333333333334,0.7611111111111111,0.06111111111111111,0.03333333333333333,reverse_swing,0,,,,2.7333333333333334,1.0,0.7611111111111111,0.2333333333333334,0,0,0,1,0,0,0.4806097788929606,,-0.019390221107039418,0.0
1020043,1,New Zealand,Team_B,inn1_evening,Unknown,South Africa,field,South Africa,normal,0,99,124,83,10,3,1,0,0,5,12,9,355,478,268,10,3.3640167364016733,0,4.790322580645161,0.6693548387096774,0.10483870967741936,0.24193548387096772,reverse_swing,0,2.7333333333333334,1.0,0.7611111111111111,2.0569892473118276,4.0,-0.09175627240143369,-7.943010752688172,0,0,0,1,0,1,0.543125131364257,0.4806097788929606,0.06251535247129641,1.0
1020043,1,New Zealand,Team_B,inn1_morning,Unknown,South Africa,field,South Africa,normal,0,87,174,140,11,0,3,0,0,4,23,36,1,174,87,4,3.0,0,3.0,0.8045977011494253,0.06321839080459771,0.13793103448275862,new_ball,1,4.790322580645161,5.0,0.6693548387096774,-1.790322580645161,-1.0,0.13524286243974792,0.709677419354839,0,0,0,1,1,0,0.5297999794382893,0.543125131364257,-0.013325151925967726,0.0
1020043,2,South Africa,Team_B,inn2_afternoon,Unknown,South Africa,field,South Africa,normal,1,131,181,123,13,2,7,0,0,1,14,19,175,355,217,6,3.667605633802817,0,4.342541436464089,0.6795580110497238,0.08287292817679558,0.03314917127071823,reverse_swing,0,,,,4.342541436464089,1.0,0.6795580110497238,1.8425414364640886,0,1,0,0,0,0,0.8828318697382989,,0.38283186973829886,1.0
1020043,2,South Africa,Team_B,inn2_evening,Unknown,South Africa,field,South Africa,normal,1,142,237,173,18,1,7,0,0,4,10,9,356,592,359,10,3.638513513513513,0,3.5949367088607596,0.729957805907173,0.08016877637130802,0.10126582278481013,reverse_swing,0,4.342541436464089,1.0,0.6795580110497238,-0.7476047276033291,3.0,0.050399794857449165,-8.24760472760333,0,1,0,0,0,1,0.8135993697677373,0.8828318697382989,-0.06923249997056158,-1.0
1020043,2,South Africa,Team_B,inn2_morning,Unknown,South Africa,field,South Africa,normal,1,86,174,142,11,1,7,0,0,5,18,34,1,174,86,5,2.9655172413793105,0,2.9655172413793105,0.8160919540229885,0.06896551724137931,0.1724137931034483,new_ball,0,3.5949367088607596,4.0,0.729957805907173,-0.6294194674814491,1.0,0.08613414811581555,-3.129419467481449,0,1,0,0,1,0,0.5761746191569557,0.8135993697677373,-0.2374247506107816,-1.0
1020043,3,New Zealand,Team_B,inn3_afternoon,Unknown,South Africa,field,South Africa,normal,0,91,181,139,9,0,9,0,0,3,13,20,175,355,160,6,2.704225352112676,0,3.016574585635359,0.7679558011049724,0.049723756906077346,0.09944751381215469,reverse_swing,0,,,,3.016574585635359,3.0,0.7679558011049724,-4.483425414364641,0,0,0,0,0,0,0.2222833965136504,,-0.27771660348634963,-1.0
1020043,3,New Zealand,Team_B,inn3_evening,Unknown,South Africa,field,South Africa,normal,0,11,26,19,1,0,0,0,0,4,8,1,356,381,171,10,2.6929133858267718,0,2.5384615384615388,0.7307692307692307,0.038461538461538464,0.9230769230769231,reverse_swing,0,3.016574585635359,3.0,0.7679558011049724,-0.4781130471738204,1.0,-0.03718657033574169,-2.9781130471738204,0,0,0,0,0,1,0.17908767743529225,0.2222833965136504,-0.04319571907835815,0.0
1020043,3,New Zealand,Team_B,inn3_morning,Unknown,South Africa,field,South Africa,normal,0,69,174,145,9,0,7,0,0,3,33,47,1,174,69,3,2.3793103448275863,0,2.3793103448275863,0.8333333333333334,0.05172413793103448,0.10344827586206896,new_ball,1,2.5384615384615388,4.0,0.7307692307692307,-0.15915119363395247,-1.0,0.10256410256410264,2.3408488063660475,0,0,0,0,1,0,0.2863739249756175,0.17908767743529225,0.10728624754032523,1.0
1020043,4,South Africa,Team_B,inn4_morning,Unknown,South Africa,field,South Africa,normal,1,83,149,115,8,0,2,0,0,2,17,20,1,149,83,2,3.342281879194631,0,3.342281879194631,0.7718120805369127,0.053691275167785234,0.08053691275167786,new_ball,1,,,,3.342281879194631,2.0,0.7718120805369127,-1.6577181208053688,0,1,1,0,1,0,0.6664870566954035,,0.16648705669540353,1.0
1020045,1,South Africa,Team_B,inn1_afternoon,Unknown,South Africa,bat,draw/no result,normal,0,96,180,141,14,1,0,0,0,2,15,11,176,355,177,5,2.991549295774648,0,3.2,0.7833333333333333,0.08333333333333333,0.06666666666666667,reverse_swing,0,,,,3.2,2.0,0.7833333333333333,-1.7999999999999998,1,1,0,1,0,0,0.43672192309813007,,-0.06327807690186993,-1.0
1020045,1,South Africa,Team_B,inn1_evening,Unknown,South Africa,bat,draw/no result,normal,0,137,184,127,21,2,2,0,0,5,10,6,356,539,314,10,3.495361781076067,0,4.467391304347826,0.6902173913043478,0.125,0.16304347826086957,reverse_swing,0,3.2,2.0,0.7833333333333333,1.267391304347826,3.0,-0.09311594202898554,-6.232608695652174,1,1,0,1,0,1,0.5019395016868564,0.43672192309813007,0.06521757858872634,1.0
1020045,1,South Africa,Team_B,inn1_morning,Unknown,South Africa,bat,draw/no result,normal,0,81,175,140,13,0,2,0,0,3,19,26,1,175,81,3,2.777142857142857,0,2.777142857142857,0.8,0.07428571428571429,0.10285714285714286,new_ball,1,4.467391304347826,5.0,0.6902173913043478,-1.690248447204969,-2.0,0.10978260869565226,3.309751552795031,1,1,0,1,1,0,0.5406775719140173,0.5019395016868564,0.038738070227160915,0.0
1020045,2,New Zealand,Team_B,inn2_afternoon,Unknown,South Africa,bat,draw/no result,normal,0,88,180,136,9,1,1,0,0,1,16,13,175,354,167,1,2.830508474576271,0,2.933333333333333,0.7555555555555555,0.05555555555555555,0.03333333333333333,reverse_swing,1,,,,2.933333333333333,1.0,0.7555555555555555,0.4333333333333331,1,0,0,0,0,0,0.4413146235303727,,-0.05868537646962729,-1.0
1020045,2,New Zealand,Team_B,inn2_evening,Unknown,South Africa,bat,draw/no result,normal,0,322,623,464,32,4,22,0,0,9,21,53,355,977,489,10,3.0030706243602863,0,3.101123595505618,0.7447833065810594,0.05778491171749599,0.08667736757624399,reverse_swing,0,2.933333333333333,1.0,0.7555555555555555,0.16779026217228488,8.0,-0.010772248974496135,-19.832209737827714,1,0,0,0,0,1,0.19698930379607782,0.4413146235303727,-0.2443253197342949,-1.0
1020045,2,New Zealand,Team_B,inn2_morning,Unknown,South Africa,bat,draw/no result,normal,0,79,174,143,13,0,1,0,0,0,15,16,1,174,79,0,2.7241379310344827,0,2.7241379310344827,0.8218390804597702,0.07471264367816093,0.0,new_ball,1,3.101123595505618,9.0,0.7447833065810594,-0.37698566447113535,-9.0,0.07705577387871076,22.123014335528865,1,0,0,0,1,0,0.13727575596814098,0.19698930379607782,-0.059713547827936836,-1.0
1020045,3,South Africa,Team_B,inn3_afternoon,Unknown,South Africa,bat,draw/no result,normal,0,19,60,49,2,0,0,0,0,0,13,8,175,234,80,5,2.051282051282051,0,1.9,0.8166666666666667,0.03333333333333333,0.0,reverse_swing,0,,,,1.9,0.0,0.8166666666666667,1.9,1,1,0,0,0,0,0.20027821728141554,,-0.29972178271858446,-1.0
1020045,3,South Africa,Team_B,inn3_morning,Unknown,South Africa,bat,draw/no result,normal,0,61,174,149,9,1,0,0,0,5,18,39,1,174,61,5,2.103448275862069,0,2.103448275862069,0.8563218390804598,0.05747126436781609,0.1724137931034483,new_ball,0,1.9,0.0,0.8166666666666667,0.20344827586206904,5.0,0.03965517241379313,-12.296551724137931,1,1,0,0,1,0,0.11950806447217055,0.20027821728141554,-0.08077015280924499,-1.0
1022593,1,India,Team_B,inn1_afternoon,Unknown,India,bat,India,normal,1,119,181,124,15,1,2,0,0,1,11,9,176,356,197,3,3.3202247191011236,0,3.9447513812154695,0.6850828729281768,0.08839779005524862,0.03314917127071823,reverse_swing,1,,,,3.9447513812154695,1.0,0.6850828729281768,1.4447513812154695,1,1,0,1,0,0,0.7732071920386178,,0.27320719203861776,1.0
1022593,1,India,Team_B,inn1_evening,Unknown,India,bat,India,normal,1,369,621,414,37,3,7,0,0,5,20,32,357,977,566,8,3.4759467758444216,0,3.5652173913043477,0.6666666666666666,0.0644122383252818,0.04830917874396135,reverse_swing,0,3.9447513812154695,1.0,0.6850828729281768,-0.37953398991112186,4.0,-0.018416206261510193,-10.379533989911122,1,1,0,1,0,1,0.8761814139828747,0.7732071920386178,0.10297422194425698,1.0
1022593,1,India,Team_B,inn1_morning,Unknown,India,bat,India,normal,1,78,175,134,5,0,5,0,0,2,16,19,1,175,78,2,2.6742857142857144,0,2.6742857142857144,0.7657142857142857,0.02857142857142857,0.06857142857142857,new_ball,1,3.5652173913043477,5.0,0.6666666666666666,-0.8909316770186333,-3.0,0.09904761904761905,6.609068322981367,1,1,0,1,1,0,0.6670604957421621,0.8761814139828747,-0.20912091824071266,-1.0
1022593,2,West Indies,Team_B,inn2_afternoon,Unknown,India,bat,India,normal,0,60,180,150,6,0,1,0,0,4,28,56,178,357,120,5,2.0168067226890756,0,2.0,0.8333333333333334,0.03333333333333333,0.13333333333333333,reverse_swing,0,,,,2.0,4.0,0.8333333333333334,-8.0,1,0,0,0,0,0,0.13553959190059528,,-0.3644604080994047,-1.0
1022593,2,West Indies,Team_B,inn2_evening,Unknown,India,bat,India,normal,0,123,190,144,17,1,6,0,0,5,13,20,358,547,243,10,2.6654478976234004,0,3.884210526315789,0.7578947368421053,0.09473684210526316,0.15789473684210525,reverse_swing,0,2.0,4.0,0.8333333333333334,1.8842105263157891,1.0,-0.07543859649122808,-0.6157894736842109,1,0,0,0,0,1,0.05808657029686876,0.13553959190059528,-0.07745302160372652,-1.0
1022593,2,West Indies,Team_B,inn2_morning,Unknown,India,bat,India,normal,0,60,177,149,5,0,4,0,0,1,24,42,1,177,60,1,2.0338983050847457,0,2.0338983050847457,0.8418079096045198,0.02824858757062147,0.03389830508474576,new_ball,1,3.884210526315789,5.0,0.7578947368421053,-1.8503122212310434,-4.0,0.0839131727624145,8.149687778768957,1,0,0,0,1,0,0.2650925370239473,0.05808657029686876,0.20700596672707855,1.0
1022593,3,West Indies,Team_B,inn3_afternoon,Unknown,India,bat,India,normal,0,89,181,141,11,2,1,0,0,6,16,29,178,358,153,8,2.564245810055866,0,2.9502762430939224,0.7790055248618785,0.0718232044198895,0.19889502762430938,reverse_swing,0,,,,2.9502762430939224,6.0,0.7790055248618785,-12.049723756906078,1,0,0,0,0,0,0.05,,-0.45,-1.0
1022593,3,West Indies,Team_B,inn3_evening,Unknown,India,bat,India,normal,0,78,115,83,9,2,1,0,0,2,11,11,359,473,231,10,2.930232558139535,0,4.069565217391304,0.7217391304347827,0.09565217391304348,0.10434782608695652,reverse_swing,0,2.9502762430939224,6.0,0.7790055248618785,1.1192889742973815,-4.0,-0.0572663944270958,11.119288974297382,1,0,0,0,0,1,0.06928164835641559,0.05,0.01928164835641559,0.0
1022593,3,West Indies,Team_B,inn3_morning,Unknown,India,bat,India,normal,0,64,177,155,11,0,3,0,0,2,18,54,1,177,64,2,2.169491525423729,0,2.169491525423729,0.8757062146892656,0.062146892655367235,0.06779661016949153,new_ball,1,4.069565217391304,2.0,0.7217391304347827,-1.9000736919675751,0.0,0.1539670842544829,-1.9000736919675751,1,0,0,0,1,0,0.10845566603779096,0.06928164835641559,0.039174017681375364,0.0
1022595,1,West Indies,Team_B,inn1_afternoon,Unknown,West Indies,bat,draw/no result,normal,0,87,145,111,7,4,4,0,0,6,11,7,183,327,196,10,3.596330275229358,0,3.5999999999999996,0.7655172413793103,0.07586206896551724,0.2482758620689655,reverse_swing,0,,,,3.5999999999999996,6.0,0.7655172413793103,-11.4,1,1,0,1,0,0,0.24748291123843136,,-0.25251708876156864,-1.0
1022595,1,West Indies,Team_B,inn1_morning,Unknown,West Indies,bat,draw/no result,normal,0,109,182,148,12,5,8,0,0,4,17,26,1,182,109,4,3.5934065934065935,0,3.5934065934065935,0.8131868131868132,0.09340659340659341,0.13186813186813187,new_ball,1,3.5999999999999996,6.0,0.7655172413793103,-0.006593406593406126,-2.0,0.047669571807502864,4.993406593406593,1,1,0,1,1,0,0.42314622744882313,0.24748291123843136,0.17566331621039177,1.0
1022595,2,India,Team_B,inn2_afternoon,Unknown,West Indies,bat,draw/no result,normal,0,64,183,150,3,1,8,0,0,0,27,47,176,358,175,1,2.932960893854749,0,2.098360655737705,0.819672131147541,0.02185792349726776,0.0,reverse_swing,1,,,,2.098360655737705,0.0,0.819672131147541,2.098360655737705,1,0,0,0,0,0,0.5132114686687783,,0.013211468668778314,0.0
1022595,2,India,Team_B,inn2_evening,Unknown,West Indies,bat,draw/no result,normal,0,325,680,525,32,7,13,0,0,8,21,98,359,1038,500,9,2.8901734104046244,0,2.8676470588235294,0.7720588235294118,0.057352941176470586,0.07058823529411765,reverse_swing,0,2.098360655737705,0.0,0.819672131147541,0.7692864030858244,8.0,-0.04761330761812921,-19.230713596914175,1,0,0,0,0,1,0.1662466120316656,0.5132114686687783,-0.34696485663711274,-1.0
1022595,2,India,Team_B,inn2_morning,Unknown,West Indies,bat,draw/no result,normal,0,111,175,128,16,0,6,0,0,1,10,6,1,175,111,1,3.8057142857142856,0,3.8057142857142856,0.7314285714285714,0.09142857142857143,0.03428571428571429,new_ball,1,2.8676470588235294,8.0,0.7720588235294118,0.9380672268907562,-7.0,-0.04063025210084037,18.438067226890755,1,0,0,0,1,0,0.31556967395144014,0.1662466120316656,0.14932306191977454,1.0
1022595,3,West Indies,Team_B,inn3_afternoon,Unknown,West Indies,bat,draw/no result,normal,0,120,180,125,13,2,0,0,0,1,12,14,178,357,239,5,4.016806722689076,0,4.0,0.6944444444444444,0.08333333333333333,0.03333333333333333,reverse_swing,0,,,,4.0,1.0,0.6944444444444444,1.5,1,1,0,0,0,0,0.6719275466396722,,0.17192754663967225,1.0
1022595,3,West Indies,Team_B,inn3_evening,Unknown,West Indies,bat,draw/no result,normal,0,149,271,196,14,2,1,0,0,1,15,22,358,628,388,6,3.707006369426751,0,3.2988929889298895,0.7232472324723247,0.05904059040590406,0.022140221402214024,reverse_swing,0,4.0,1.0,0.6944444444444444,-0.7011070110701105,0.0,0.028802788027880277,-0.7011070110701105,1,1,0,0,0,1,0.8238053442035388,0.6719275466396722,0.15187779756386655,1.0
1022595,3,West Indies,Team_B,inn3_morning,Unknown,West Indies,bat,draw/no result,normal,0,119,177,130,17,1,5,0,0,4,17,20,1,177,119,4,4.033898305084746,0,4.033898305084746,0.7344632768361582,0.1016949152542373,0.13559322033898305,new_ball,1,3.2988929889298895,1.0,0.7232472324723247,0.7350053161548562,3.0,0.0112160443638335,-6.764994683845144,1,1,0,0,1,0,0.6891447028700982,0.8238053442035388,-0.13466064133344058,-1.0
1022597,1,India,Team_B,inn1_afternoon,Unknown,West Indies,field,India,normal,1,47,180,153,3,0,1,0,0,1,31,61,177,356,139,5,2.342696629213483,0,1.5666666666666667,0.85,0.016666666666666666,0.03333333333333333,reverse_swing,0,,,,1.5666666666666667,1.0,0.85,-0.9333333333333333,0,0,0,1,0,0,0.40774945297730514,,-0.09225054702269486,-1.0
1022597,1,India,Team_B,inn1_evening,Unknown,West Indies,field,India,normal,1,214,432,338,19,1,19,0,0,5,29,75,357,788,353,10,2.6878172588832485,0,2.9722222222222223,0.7824074074074074,0.046296296296296294,0.06944444444444445,reverse_swing,0,1.5666666666666667,1.0,0.85,1.4055555555555557,4.0,-0.06759259259259254,-8.594444444444445,0,0,0,1,0,1,0.355249825586111,0.40774945297730514,-0.052499627391194126,-1.0
1022597,1,India,Team_B,inn1_morning,Unknown,West Indies,field,India,normal,1,92,176,138,10,0,7,0,0,4,27,29,1,176,92,4,3.1363636363636367,0,3.1363636363636367,0.7840909090909091,0.056818181818181816,0.13636363636363638,new_ball,1,2.9722222222222223,5.0,0.7824074074074074,0.16414141414141437,-1.0,0.0016835016835016203,2.6641414141414144,0,0,0,1,1,0,0.5140748587626677,0.355249825586111,0.15882503317655666,1.0
1022597,2,West Indies,Team_B,inn2_afternoon,Unknown,West Indies,field,India,normal,0,64,183,147,4,0,10,0,0,2,20,27,176,358,136,3,2.2793296089385477,0,2.098360655737705,0.8032786885245902,0.02185792349726776,0.06557377049180328,reverse_swing,1,,,,2.098360655737705,2.0,0.8032786885245902,-2.901639344262295,0,1,0,0,0,0,0.7369159196173184,,0.2369159196173184,1.0
1022597,2,West Indies,Team_B,inn2_evening,Unknown,West Indies,field,India,normal,0,89,268,229,9,1,4,0,0,7,20,63,359,626,225,10,2.1565495207667733,0,1.992537313432836,0.8544776119402985,0.03731343283582089,0.15671641791044777,reverse_swing,0,2.098360655737705,2.0,0.8032786885245902,-0.10582334230486912,5.0,0.05119892341570831,-12.60582334230487,0,1,0,0,0,1,0.24670348555629035,0.7369159196173184,-0.49021243406102805,-1.0
1022597,2,West Indies,Team_B,inn2_morning,Unknown,West Indies,field,India,normal,0,72,175,143,8,0,5,0,0,1,16,33,1,175,72,1,2.4685714285714284,0,2.4685714285714284,0.8171428571428572,0.045714285714285714,0.03428571428571429,new_ball,1,1.992537313432836,7.0,0.8544776119402985,0.4760341151385925,-6.0,-0.037334754797441305,15.476034115138592,0,1,0,0,1,0,0.5359077618851057,0.24670348555629035,0.28920427632881535,1.0
1022597,3,India,Team_B,inn3_afternoon,Unknown,West Indies,field,India,normal,1,107,115,53,1,3,2,0,0,4,5,0,180,294,217,7,4.428571428571429,0,5.582608695652174,0.4608695652173913,0.034782608695652174,0.20869565217391303,reverse_swing,0,,,,5.582608695652174,4.0,0.4608695652173913,-4.417391304347826,0,0,0,0,0,0,0.9302992852137986,,0.43029928521379857,1.0
1022597,3,India,Team_B,inn3_morning,Unknown,West Indies,field,India,normal,1,110,179,125,5,1,7,0,0,3,14,15,1,179,110,3,3.687150837988827,0,3.687150837988827,0.6983240223463687,0.0335195530726257,0.1005586592178771,new_ball,1,5.582608695652174,4.0,0.4608695652173913,-1.8954578576633465,-1.0,0.2374544571289774,0.6045421423366535,0,0,0,0,1,0,0.8417248114506468,0.9302992852137986,-0.08857447376315175,-1.0
1022597,4,West Indies,Team_B,inn4_afternoon,Unknown,West Indies,field,India,normal,0,40,111,92,3,1,1,0,0,6,27,25,176,286,108,10,2.265734265734266,0,2.1621621621621623,0.8288288288288288,0.036036036036036036,0.32432432432432434,reverse_swing,0,,,,2.1621621621621623,6.0,0.8288288288288288,-12.837837837837839,0,1,1,0,0,0,0.19372370308467213,,-0.3062762969153279,-1.0
1022597,4,West Indies,Team_B,inn4_morning,Unknown,West Indies,field,India,normal,0,68,175,141,6,0,2,0,0,4,14,16,1,175,68,4,2.3314285714285714,0,2.3314285714285714,0.8057142857142857,0.03428571428571429,0.13714285714285715,new_ball,1,2.1621621621621623,6.0,0.8288288288288288,0.16926640926640912,-2.0,-0.023114543114543085,5.16926640926641,0,1,1,0,1,0,0.23563362120951037,0.19372370308467213,0.04190991812483824,0.0
1022599,1,West Indies,Team_B,inn1_morning,Unknown,West Indies,bat,draw/no result,normal,0,62,133,109,8,0,7,0,0,2,15,25,1,133,62,2,2.7969924812030076,0,2.7969924812030076,0.8195488721804511,0.06015037593984962,0.09022556390977443,new_ball,1,,,,2.7969924812030076,2.0,0.8195488721804511,-2.2030075187969924,1,1,0,1,1,0,0.3736952949202065,,-0.12630470507979352,-1.0
1024041,1,Zimbabwe,Team_B,inn1_afternoon,Unknown,Zimbabwe,bat,New Zealand,normal,0,61,180,151,7,1,1,0,0,4,21,35,175,354,124,8,2.1016949152542375,0,2.033333333333333,0.8388888888888889,0.044444444444444446,0.13333333333333333,reverse_swing,0,,,,2.033333333333333,4.0,0.8388888888888889,-7.966666666666667,1,1,0,1,0,0,0.16494216815734256,,-0.33505783184265747,-1.0
1024041,1,Zimbabwe,Team_B,inn1_evening,Unknown,Zimbabwe,bat,New Zealand,normal,0,40,113,97,7,0,0,0,0,2,19,33,355,467,164,10,2.107066381156317,0,2.1238938053097347,0.8584070796460177,0.061946902654867256,0.10619469026548674,reverse_swing,0,2.033333333333333,4.0,0.8388888888888889,0.09056047197640149,-2.0,0.019518190757128795,5.090560471976401,1,1,0,1,0,1,0.09738810130845403,0.16494216815734256,-0.06755406684888852,-1.0
1024041,1,Zimbabwe,Team_B,inn1_morning,Unknown,Zimbabwe,bat,New Zealand,normal,0,63,174,145,7,0,1,0,0,4,23,42,1,174,63,4,2.1724137931034484,0,2.1724137931034484,0.8333333333333334,0.040229885057471264,0.13793103448275862,new_ball,1,2.1238938053097347,2.0,0.8584070796460177,0.04851998779371369,2.0,-0.02507374631268433,-4.951480012206286,1,1,0,1,1,0,0.3325637857265309,0.09738810130845403,0.23517568441807685,1.0
1024041,2,New Zealand,Team_B,inn2_afternoon,Unknown,Zimbabwe,bat,New Zealand,normal,1,113,183,124,13,0,8,0,0,0,17,7,182,364,197,1,3.2472527472527473,0,3.7049180327868854,0.6775956284153005,0.07103825136612021,0.0,reverse_swing,1,,,,3.7049180327868854,0.0,0.6775956284153005,3.7049180327868854,1,0,0,0,0,0,0.702308476268886,,0.20230847626888604,1.0
1024041,2,New Zealand,Team_B,inn2_evening,Unknown,Zimbabwe,bat,New Zealand,normal,1,379,653,450,39,0,16,0,0,5,16,48,365,1017,576,6,3.398230088495575,0,3.4823889739663096,0.6891271056661562,0.05972434915773354,0.045941807044410414,reverse_swing,0,3.7049180327868854,0.0,0.6775956284153005,-0.22252905882057572,5.0,0.011531477250855682,-12.722529058820577,1,0,0,0,0,1,0.6707848834155746,0.702308476268886,-0.03152359285331141,0.0
1024041,2,New Zealand,Team_B,inn2_morning,Unknown,Zimbabwe,bat,New Zealand,normal,1,84,181,144,11,0,7,0,0,1,17,26,1,181,84,1,2.7845303867403315,0,2.7845303867403315,0.7955801104972375,0.06077348066298342,0.03314917127071823,new_ball,1,3.4823889739663096,5.0,0.6891271056661562,-0.6978585872259782,-4.0,0.10645300483108133,9.302141412774022,1,0,0,0,1,0,0.3041565053854909,0.6707848834155746,-0.36662837803008375,-1.0
1024041,3,Zimbabwe,Team_B,inn3_afternoon,Unknown,Zimbabwe,bat,New Zealand,normal,0,102,180,141,17,0,8,0,0,1,25,24,175,354,253,7,4.288135593220339,0,3.4,0.7833333333333333,0.09444444444444444,0.03333333333333333,reverse_swing,0,,,,3.4,1.0,0.7833333333333333,0.8999999999999999,1,1,0,0,0,0,0.5178370772644129,,0.01783707726441286,0.0
1024041,3,Zimbabwe,Team_B,inn3_evening,Unknown,Zimbabwe,bat,New Zealand,normal,0,42,120,96,5,0,2,0,0,3,12,12,355,474,295,10,3.7341772151898733,0,2.1,0.8,0.041666666666666664,0.15,reverse_swing,0,3.4,1.0,0.7833333333333333,-1.2999999999999998,2.0,0.01666666666666672,-6.3,1,1,0,0,0,1,0.3569890473612388,0.5178370772644129,-0.16084802990317404,-1.0
1024041,3,Zimbabwe,Team_B,inn3_morning,Unknown,Zimbabwe,bat,New Zealand,normal,0,151,174,116,27,0,5,0,0,6,11,8,1,174,151,6,5.206896551724138,0,5.206896551724138,0.6666666666666666,0.15517241379310345,0.20689655172413793,new_ball,0,2.1,3.0,0.8,3.106896551724138,3.0,-0.13333333333333341,-4.393103448275863,1,1,0,0,1,0,0.5479037149500807,0.3569890473612388,0.1909146675888419,1.0
1024043,1,New Zealand,Team_B,inn1_afternoon,Unknown,New Zealand,bat,New Zealand,normal,1,97,181,127,9,1,1,0,0,1,13,10,181,361,206,1,3.4238227146814406,0,3.2154696132596685,0.7016574585635359,0.055248618784530384,0.03314917127071823,reverse_swing,1,,,,3.2154696132596685,1.0,0.7016574585635359,0.7154696132596685,1,1,0,1,0,0,0.860665621666851,,0.360665621666851,1.0
1024043,1,New Zealand,Team_B,inn1_evening,Unknown,New Zealand,bat,New Zealand,normal,1,376,548,329,33,0,13,0,0,3,9,8,362,909,582,4,3.8415841584158414,0,4.116788321167883,0.6003649635036497,0.060218978102189784,0.032846715328467155,reverse_swing,1,3.2154696132596685,1.0,0.7016574585635359,0.9013187079082146,2.0,-0.10129249505988625,-4.0986812920917854,1,1,0,1,0,1,0.95,0.860665621666851,0.08933437833314894,1.0
1024043,1,New Zealand,Team_B,inn1_morning,Unknown,New Zealand,bat,New Zealand,normal,1,109,180,138,13,0,10,0,0,0,30,35,1,180,109,0,3.6333333333333333,0,3.6333333333333333,0.7666666666666667,0.07222222222222222,0.0,new_ball,1,4.116788321167883,3.0,0.6003649635036497,-0.48345498783454977,-3.0,0.16630170316301707,7.01654501216545,1,1,0,1,1,0,0.9439635597230251,0.95,-0.006036440276974808,0.0
1024043,2,Zimbabwe,Team_B,inn2_afternoon,Unknown,New Zealand,bat,New Zealand,normal,0,57,180,155,9,0,0,0,0,3,38,51,175,354,112,3,1.8983050847457628,0,1.9,0.8611111111111112,0.05,0.1,reverse_swing,1,,,,1.9,3.0,0.8611111111111112,-5.6,1,0,0,0,0,0,0.20226797882347655,,-0.2977320211765234,-1.0
1024043,2,Zimbabwe,Team_B,inn2_evening,Unknown,New Zealand,bat,New Zealand,normal,0,250,509,393,29,2,15,0,0,7,50,112,355,863,362,10,2.5168018539976824,0,2.9469548133595285,0.7721021611001965,0.060903732809430254,0.0825147347740668,reverse_swing,0,1.9,3.0,0.8611111111111112,1.0469548133595286,4.0,-0.08900895001091469,-8.953045186640471,1,0,0,0,0,1,0.26183664311194255,0.20226797882347655,0.059568664288465994,1.0
1024043,2,Zimbabwe,Team_B,inn2_morning,Unknown,New Zealand,bat,New Zealand,normal,0,55,174,151,8,0,4,0,0,0,30,77,1,174,55,0,1.896551724137931,0,1.896551724137931,0.867816091954023,0.04597701149425287,0.0,new_ball,1,2.9469548133595285,7.0,0.7721021611001965,-1.0504030892215974,-7.0,0.09571393085382651,16.449596910778403,1,0,0,0,1,0,0.16713092271536145,0.26183664311194255,-0.0947057203965811,-1.0
1024043,3,New Zealand,Team_B,inn3_afternoon,Unknown,New Zealand,bat,New Zealand,normal,1,60,44,19,3,3,6,0,0,0,5,0,176,219,166,2,4.5479452054794525,0,8.181818181818182,0.4318181818181818,0.13636363636363635,0.0,reverse_swing,1,,,,8.181818181818182,0.0,0.4318181818181818,8.181818181818182,1,1,0,0,0,0,0.95,,0.44999999999999996,1.0
1024043,3,New Zealand,Team_B,inn3_morning,Unknown,New Zealand,bat,New Zealand,normal,1,106,175,116,10,1,1,0,0,2,13,12,1,175,106,2,3.6342857142857143,0,3.6342857142857143,0.6628571428571428,0.06285714285714286,0.06857142857142857,new_ball,1,8.181818181818182,0.0,0.4318181818181818,-4.547532467532467,2.0,0.231038961038961,-9.547532467532466,1,1,0,0,1,0,0.95,0.95,0.0,0.0
1024043,4,Zimbabwe,Team_B,inn4_afternoon,Unknown,New Zealand,bat,New Zealand,normal,0,65,180,150,9,0,1,0,0,2,28,53,175,354,124,5,2.1016949152542375,0,2.1666666666666665,0.8333333333333334,0.05,0.06666666666666667,reverse_swing,0,,,,2.1666666666666665,2.0,0.8333333333333334,-2.8333333333333335,1,0,1,0,0,0,0.07890158068398276,,-0.4210984193160172,-1.0
1024043,4,Zimbabwe,Team_B,inn4_evening,Unknown,New Zealand,bat,New Zealand,normal,0,8,58,54,1,0,0,0,0,5,25,32,355,412,132,10,1.9223300970873785,0,0.8275862068965518,0.9310344827586207,0.017241379310344827,0.5172413793103449,reverse_swing,0,2.1666666666666665,2.0,0.8333333333333334,-1.3390804597701147,3.0,0.09770114942528729,-8.839080459770114,1,0,1,0,0,1,0.05,0.07890158068398276,-0.028901580683982755,0.0
1024043,4,Zimbabwe,Team_B,inn4_morning,Unknown,New Zealand,bat,New Zealand,normal,0,59,174,151,9,0,2,0,0,3,23,55,1,174,59,3,2.0344827586206895,0,2.0344827586206895,0.867816091954023,0.05172413793103448,0.10344827586206896,new_ball,1,0.8275862068965518,5.0,0.9310344827586207,1.2068965517241377,-2.0,-0.06321839080459768,6.206896551724138,1,0,1,0,1,0,0.05,0.05,0.0,0.0
1029825,1,England,Team_B,inn1_afternoon,Unknown,England,bat,England,normal,1,91,180,142,12,2,2,0,0,2,21,34,176,355,172,5,2.907042253521127,0,3.033333333333333,0.7888888888888889,0.07777777777777778,0.06666666666666667,reverse_swing,0,,,,3.033333333333333,2.0,0.7888888888888889,-1.9666666666666668,1,1,0,1,0,0,0.4922762352842419,,-0.007723764715758086,0.0
1029825,1,England,Team_B,inn1_evening,Unknown,England,bat,England,normal,1,121,282,217,12,0,11,0,0,5,15,28,356,637,293,10,2.759811616954474,0,2.574468085106383,0.7695035460992907,0.0425531914893617,0.10638297872340426,reverse_swing,0,3.033333333333333,2.0,0.7888888888888889,-0.4588652482269504,3.0,-0.019385342789598137,-7.95886524822695,1,1,0,1,0,1,0.37185860725763115,0.4922762352842419,-0.12041762802661077,-1.0
1029825,1,England,Team_B,inn1_morning,Unknown,England,bat,England,normal,1,81,175,138,9,0,7,0,0,3,13,13,1,175,81,3,2.777142857142857,0,2.777142857142857,0.7885714285714286,0.05142857142857143,0.10285714285714286,new_ball,1,2.574468085106383,5.0,0.7695035460992907,0.20267477203647433,-2.0,0.019067882472137865,5.202674772036474,1,1,0,1,1,0,0.3892196469979929,0.37185860725763115,0.01736103974036174,0.0
1029825,2,Bangladesh,Team_B,inn2_afternoon,Unknown,England,bat,England,normal,0,95,180,126,8,0,2,0,0,2,9,4,176,355,177,4,2.991549295774648,0,3.1666666666666665,0.7,0.044444444444444446,0.06666666666666667,reverse_swing,1,,,,3.1666666666666665,2.0,0.7,-1.8333333333333335,1,0,0,0,0,0,0.3712035640452844,,-0.12879643595471563,-1.0
1029825,2,Bangladesh,Team_B,inn2_evening,Unknown,England,bat,England,normal,0,71,162,120,7,0,2,0,0,6,37,37,356,517,248,10,2.8781431334622822,0,2.6296296296296298,0.7407407407407407,0.043209876543209874,0.2222222222222222,reverse_swing,0,3.1666666666666665,2.0,0.7,-0.5370370370370368,4.0,0.040740740740740744,-10.537037037037036,1,0,0,0,0,1,0.3950714137104117,0.3712035640452844,0.02386784966512734,0.0
1029825,2,Bangladesh,Team_B,inn2_morning,Unknown,England,bat,England,normal,0,82,175,132,10,0,3,0,0,2,13,15,1,175,82,2,2.8114285714285714,0,2.8114285714285714,0.7542857142857143,0.05714285714285714,0.06857142857142857,new_ball,1,2.6296296296296298,6.0,0.7407407407407407,0.18179894179894163,-4.0,0.013544973544973637,10.181798941798942,1,0,0,0,1,0,0.20574685048677155,0.3950714137104117,-0.18932456322364016,-1.0
1029825,3,England,Team_B,inn3_afternoon,Unknown,England,bat,England,normal,1,108,180,123,10,2,8,0,0,0,13,7,175,354,172,5,2.9152542372881354,0,3.6,0.6833333333333333,0.06666666666666667,0.0,reverse_swing,0,,,,3.6,0.0,0.6833333333333333,3.6,1,1,0,0,0,0,0.5927871147281165,,0.09278711472811652,1.0
1029825,3,England,Team_B,inn3_evening,Unknown,England,bat,England,normal,1,68,128,97,7,1,7,0,0,5,14,14,355,482,240,10,2.987551867219917,0,3.1875,0.7578125,0.0625,0.234375,reverse_swing,0,3.6,0.0,0.6833333333333333,-0.4125000000000001,5.0,0.07447916666666665,-12.9125,1,1,0,0,0,1,0.39443815560211914,0.5927871147281165,-0.19834895912599737,-1.0
1029825,3,England,Team_B,inn3_morning,Unknown,England,bat,England,normal,1,64,174,127,3,0,1,0,0,5,19,19,1,174,64,5,2.206896551724138,0,2.206896551724138,0.7298850574712644,0.017241379310344827,0.1724137931034483,new_ball,0,3.1875,5.0,0.7578125,-0.9806034482758621,0.0,-0.02792744252873558,-0.9806034482758621,1,1,0,0,1,0,0.3412004728548122,0.39443815560211914,-0.05323768274730695,-1.0
1029825,4,Bangladesh,Team_B,inn4_afternoon,Unknown,England,bat,England,normal,0,88,181,135,4,3,8,0,0,2,11,10,175,355,194,5,3.27887323943662,0,2.9171270718232045,0.7458563535911602,0.03867403314917127,0.06629834254143646,reverse_swing,0,,,,2.9171270718232045,2.0,0.7458563535911602,-2.0828729281767955,1,0,1,0,0,0,0.17571624950989304,,-0.32428375049010694,-1.0
1029825,4,Bangladesh,Team_B,inn4_evening,Unknown,England,bat,England,normal,0,69,135,95,5,0,4,0,0,5,9,3,356,490,263,10,3.220408163265306,0,3.066666666666667,0.7037037037037037,0.037037037037037035,0.2222222222222222,reverse_swing,0,2.9171270718232045,2.0,0.7458563535911602,0.14953959484346235,3.0,-0.042152649887456484,-7.350460405156538,1,0,1,0,0,1,0.1383221823750176,0.17571624950989304,-0.03739406713487545,0.0
1029825,4,Bangladesh,Team_B,inn4_morning,Unknown,England,bat,England,normal,0,106,174,120,10,0,11,0,0,3,15,17,1,174,106,3,3.6551724137931036,0,3.6551724137931036,0.6896551724137931,0.05747126436781609,0.10344827586206896,new_ball,1,3.066666666666667,5.0,0.7037037037037037,0.5885057471264368,-2.0,-0.01404853128991057,5.588505747126437,1,0,1,0,1,0,0.3483137651127531,0.1383221823750176,0.2099915827377355,1.0
